[{"model": "admin.logentry", "pk": 1, "fields": {"action_time": "2022-03-04T11:30:05.191Z", "user": 1, "content_type": 7, "object_id": "1", "object_repr": "comix.example.com", "action_flag": 2, "change_message": "[{\"changed\": {\"fields\": [\"Domain name\", \"Display name\"]}}]"}}, {"model": "admin.logentry", "pk": 2, "fields": {"action_time": "2022-03-04T11:36:35.446Z", "user": 1, "content_type": 8, "object_id": "1", "object_repr": "twpterporten@gmail.com", "action_flag": 2, "change_message": "[{\"changed\": {\"fields\": [\"Verified\", \"Primary\"]}}]"}}, {"model": "admin.logentry", "pk": 3, "fields": {"action_time": "2022-03-06T17:25:34.609Z", "user": 1, "content_type": 14, "object_id": "2", "object_repr": "The Witcher boxed set", "action_flag": 1, "change_message": "[{\"added\": {}}]"}}, {"model": "admin.logentry", "pk": 4, "fields": {"action_time": "2022-03-06T17:29:02.489Z", "user": 1, "content_type": 14, "object_id": "3", "object_repr": "Harry Potter Collectors Edition", "action_flag": 1, "change_message": "[{\"added\": {}}]"}}, {"model": "admin.logentry", "pk": 5, "fields": {"action_time": "2022-03-06T19:19:42.699Z", "user": 1, "content_type": 14, "object_id": "3", "object_repr": "Harry Potter Collectors Edition", "action_flag": 2, "change_message": "[{\"changed\": {\"fields\": [\"Category\"]}}]"}}, {"model": "admin.logentry", "pk": 6, "fields": {"action_time": "2022-03-14T22:06:13.116Z", "user": 1, "content_type": 14, "object_id": "4", "object_repr": "Deadpool kills the Marvel Universe", "action_flag": 1, "change_message": "[{\"added\": {}}]"}}, {"model": "admin.logentry", "pk": 7, "fields": {"action_time": "2022-03-14T22:11:03.948Z", "user": 1, "content_type": 14, "object_id": "5", "object_repr": "Infinity gauntlet", "action_flag": 1, "change_message": "[{\"added\": {}}]"}}, {"model": "admin.logentry", "pk": 8, "fields": {"action_time": "2022-03-14T22:18:24.253Z", "user": 1, "content_type": 14, "object_id": "6", "object_repr": "batman Vol. 1 The court of owls", "action_flag": 1, "change_message": "[{\"added\": {}}]"}}, {"model": "admin.logentry", "pk": 9, "fields": {"action_time": "2022-03-14T22:30:15.190Z", "user": 1, "content_type": 14, "object_id": "7", "object_repr": "A Game Of Thrones", "action_flag": 1, "change_message": "[{\"added\": {}}]"}}, {"model": "admin.logentry", "pk": 10, "fields": {"action_time": "2022-03-14T22:31:41.817Z", "user": 1, "content_type": 14, "object_id": "8", "object_repr": "A Clash Of Kings", "action_flag": 1, "change_message": "[{\"added\": {}}]"}}, {"model": "admin.logentry", "pk": 11, "fields": {"action_time": "2022-03-14T22:33:31.449Z", "user": 1, "content_type": 14, "object_id": "9", "object_repr": "A Storm of Swords 1: Steel & Snow", "action_flag": 1, "change_message": "[{\"added\": {}}]"}}, {"model": "admin.logentry", "pk": 12, "fields": {"action_time": "2022-03-14T22:34:50.141Z", "user": 1, "content_type": 14, "object_id": "10", "object_repr": "A Storm of Swords 2: Blood & Gold", "action_flag": 1, "change_message": "[{\"added\": {}}]"}}, {"model": "admin.logentry", "pk": 13, "fields": {"action_time": "2022-03-14T22:36:16.914Z", "user": 1, "content_type": 14, "object_id": "11", "object_repr": "A Feast for Crows", "action_flag": 1, "change_message": "[{\"added\": {}}]"}}, {"model": "admin.logentry", "pk": 14, "fields": {"action_time": "2022-03-14T22:37:55.684Z", "user": 1, "content_type": 14, "object_id": "12", "object_repr": "A Dance with Dragons 1: Dreams & Dust", "action_flag": 1, "change_message": "[{\"added\": {}}]"}}, {"model": "admin.logentry", "pk": 15, "fields": {"action_time": "2022-03-14T22:40:28.953Z", "user": 1, "content_type": 14, "object_id": "13", "object_repr": "A Dance with Dragons 2: After the Feast", "action_flag": 1, "change_message": "[{\"added\": {}}]"}}, {"model": "admin.logentry", "pk": 16, "fields": {"action_time": "2022-03-17T15:20:40.723Z", "user": 1, "content_type": 16, "object_id": "1", "object_repr": "4DCE9B3586BB496A94BD9A4E3A7BAA05", "action_flag": 2, "change_message": "[{\"deleted\": {\"name\": \"order line item\", \"object\": \"SKU pp5001340155 on order 4DCE9B3586BB496A94BD9A4E3A7BAA05\"}}]"}}, {"model": "admin.logentry", "pk": 17, "fields": {"action_time": "2022-03-17T15:21:13.642Z", "user": 1, "content_type": 16, "object_id": "1", "object_repr": "4DCE9B3586BB496A94BD9A4E3A7BAA05", "action_flag": 3, "change_message": ""}}, {"model": "admin.logentry", "pk": 18, "fields": {"action_time": "2022-03-17T15:24:39.950Z", "user": 1, "content_type": 16, "object_id": "2", "object_repr": "5D4A4DDAB8214D3F9DC51CFE2AD1FD41", "action_flag": 2, "change_message": "[{\"changed\": {\"name\": \"order line item\", \"object\": \"SKU COM-MAR-COT-2 on order 5D4A4DDAB8214D3F9DC51CFE2AD1FD41\", \"fields\": [\"Quantity\"]}}]"}}, {"model": "admin.logentry", "pk": 19, "fields": {"action_time": "2022-03-17T15:26:28.637Z", "user": 1, "content_type": 16, "object_id": "2", "object_repr": "5D4A4DDAB8214D3F9DC51CFE2AD1FD41", "action_flag": 2, "change_message": "[]"}}, {"model": "admin.logentry", "pk": 20, "fields": {"action_time": "2022-03-17T15:26:38.144Z", "user": 1, "content_type": 16, "object_id": "2", "object_repr": "5D4A4DDAB8214D3F9DC51CFE2AD1FD41", "action_flag": 3, "change_message": ""}}, {"model": "admin.logentry", "pk": 21, "fields": {"action_time": "2022-03-17T15:27:33.816Z", "user": 1, "content_type": 16, "object_id": "3", "object_repr": "4797FE4A97A7481BB7EB3D630BBCC872", "action_flag": 2, "change_message": "[{\"added\": {\"name\": \"order line item\", \"object\": \"SKU COM-GAM-COT-3 on order 4797FE4A97A7481BB7EB3D630BBCC872\"}}]"}}, {"model": "admin.logentry", "pk": 22, "fields": {"action_time": "2022-03-17T15:27:43.896Z", "user": 1, "content_type": 16, "object_id": "3", "object_repr": "4797FE4A97A7481BB7EB3D630BBCC872", "action_flag": 3, "change_message": ""}}, {"model": "auth.user", "pk": 1, "fields": {"password": "pbkdf2_sha256$260000$DpOCqn2BmW5JGqdUYKy1hA$JV7zNSj0Z+QWguUQezmo33qhZYMCtusxMfTWUoga/gE=", "last_login": "2022-03-20T01:06:38.415Z", "is_superuser": true, "username": "Thijs", "first_name": "", "last_name": "", "email": "twpterporten@gmail.com", "is_staff": true, "is_active": true, "date_joined": "2022-03-04T11:17:31.525Z", "groups": [], "user_permissions": []}}, {"model": "auth.user", "pk": 2, "fields": {"password": "pbkdf2_sha256$260000$VSBAzC5J9zYm5LC5MjhYsG$SbEaVrZpkZjzNvRybnmKcPSgEN6STzOb/x829cWW090=", "last_login": null, "is_superuser": false, "username": "Test", "first_name": "", "last_name": "", "email": "test@test.com", "is_staff": false, "is_active": true, "date_joined": "2022-03-18T21:02:15.446Z", "groups": [], "user_permissions": []}}, {"model": "auth.user", "pk": 3, "fields": {"password": "pbkdf2_sha256$260000$bSwuTCzhtv2zLHpTFj3yDs$XLPu6LHYQzlKMrumwd2+hs7510INPMDKTy5mt2LyK/c=", "last_login": null, "is_superuser": false, "username": "Testing", "first_name": "", "last_name": "", "email": "test@gmail.com", "is_staff": false, "is_active": true, "date_joined": "2022-03-18T21:06:20.409Z", "groups": [], "user_permissions": []}}, {"model": "auth.user", "pk": 4, "fields": {"password": "pbkdf2_sha256$260000$T87RNn9ZbRBRyR2dXEEyNC$V9nVEI/gclyYTgE+g38qDRn6HCdCff8jLdLatp3vryY=", "last_login": null, "is_superuser": false, "username": "testing1234", "first_name": "", "last_name": "", "email": "testing@test.com", "is_staff": false, "is_active": true, "date_joined": "2022-03-18T21:07:55.138Z", "groups": [], "user_permissions": []}}, {"model": "auth.user", "pk": 5, "fields": {"password": "pbkdf2_sha256$260000$6InAjmtgwzOVwAv9bOQobu$S55yfiyrwQosyQx7jene1mo37BSThgJJuXpzaZaPmYU=", "last_login": "2022-03-20T01:09:18.825Z", "is_superuser": false, "username": "testing12345", "first_name": "", "last_name": "", "email": "123@123.com", "is_staff": false, "is_active": true, "date_joined": "2022-03-18T21:12:02.623Z", "groups": [], "user_permissions": []}}, {"model": "sessions.session", "pk": "171pyg9xhghry811f7snvjj7e0xpiiie", "fields": {"session_data": "eyJiYWciOnsiMSI6MywiMiI6MiwiMyI6MX19:1nTmvC:fLevwQG4FADpaK3uAJjmGjvUKEiKx6bYnFOlN5drNNA", "expire_date": "2022-03-28T15:47:46.619Z"}}, {"model": "sessions.session", "pk": "1mqgmfk82nvwygtx5g2huxqy2co0pvzi", "fields": {"session_data": ".eJxVjMEOwiAQBf-FsyFbSin06N1vIAssFjXQlDbRGP_dNulBr2_mzZtZXJfRrpVmmwIbWMdOv5tDf6e8g3DDfC3cl7zMyfFd4Qet_FICPc6H-xcYsY7buzeSwIjGtyTAuwhaUYxSGUHKq153bdgghKBk1_QADkWjUYsYhZEm4h6tVGsq2dJzSvOLDfD5AnORPrc:1nVkZj:Bul2K9vLtaPGGsVbYeDdNF5eVNuklSNhP0oz_-p2HCE", "expire_date": "2022-04-03T01:41:43.323Z"}}, {"model": "sessions.session", "pk": "5fi5kpexg8ehezhivbhcwj8c20er4gr2", "fields": {"session_data": "e30:1nVJhS:kSTxWLnF-aVVtHWFKMfSVwdCaqj5qfIJma6wV9XTckY", "expire_date": "2022-04-01T20:59:54.056Z"}}, {"model": "sessions.session", "pk": "8bpzfwobdgrwf3ts87riz252xz04i9s2", "fields": {"session_data": "e30:1nVJc3:oJLnWs90hkayuMmRrtGHyPrtmeGJpyNtAWC5ivpMN3E", "expire_date": "2022-04-01T20:54:19.648Z"}}, {"model": "sessions.session", "pk": "8dyinaqtmdbv25dgamey7s2s5yfmd8ce", "fields": {"session_data": "eyJiYWciOnsiMSI6OSwiMiI6MywiMyI6MX19:1nTnOE:KyPPC9aY_i-Rz8NdnUnrwX25bh7gAIFzrxx82viYbS0", "expire_date": "2022-03-28T16:17:46.464Z"}}, {"model": "sessions.session", "pk": "9ovgykntodb84qlunaayln8k7lo870m4", "fields": {"session_data": ".eJxVjMsOgjAQRf-la9PQGZi2LN37DU3pQ6qmJRQSjfHfhYSFbu8597yZsesymrWG2STPeibY6XcbrLuHvAN_s_lauCt5mdPAd4UftPJL8eFxPty_wGjruL2pE9ARkiSlMUpPIqioG6CI2IIgktIp34ZIWlkU0jW42YCgBURA3KM11JpKNuE5pfnF-ubzBRNNPO0:1nVO2x:Sy8jW4w8yZsOM_I01E3zD2f1fQnlX6VGkbVwYbgceo8", "expire_date": "2022-04-02T01:38:23.839Z"}}, {"model": "sessions.session", "pk": "bbw8honnbcsk6a8iqk5ps8xkpxu9ma01", "fields": {"session_data": "eyJzYXZlX2luZm8iOmZhbHNlfQ:1nUx4A:k9DecS5x9K9StXOieRHjI0q7zOy0guLqpWYkVSMEfh4", "expire_date": "2022-03-31T20:49:50.188Z"}}, {"model": "sessions.session", "pk": "g18mzj5ys7bk102ezpgxwi1b6v53gfsh", "fields": {"session_data": "e30:1nVk1m:NjF7W01Km-dzX91bYi-U7dMldnRLhSJaL-K983J2r8c", "expire_date": "2022-04-03T01:06:38.352Z"}}, {"model": "sessions.session", "pk": "gt1xrxf7y80cat7kh3zrqtizjgaj3lbm", "fields": {"session_data": "eyJiYWciOnsiMSI6OSwiMiI6M319:1nTmkG:dYcobYGq5tZXzT6eXxjgLLPVbL6pV6eaeCTRsnXB8mY", "expire_date": "2022-03-28T15:36:28.273Z"}}, {"model": "sessions.session", "pk": "iuqqog7u78nfyrhzd5d4oo9sp0yun6r4", "fields": {"session_data": "e30:1nVJgj:zf6cbcqtsq-cqIxAOvsfOmNZwoE6HyRd4qbFe1F41Lg", "expire_date": "2022-04-01T20:59:09.396Z"}}, {"model": "sessions.session", "pk": "iypw770eclxgth0meocjf4fit6dh5q3s", "fields": {"session_data": ".eJxVjDsOgzAQBe-ydWSxu7C2KdNzBsv4AyQRSHwqxN0DEg3tzLy3Q-s7qHdAqPF4gfPb2rttSbMbItQnfrDWh28aLxE_fuwmFaZxnYdWXYm67aKaKabf-24fB71f-nMtFVIlLFqM5ayjYDLZFiSZuSQU0TqYWKYs1nhGHQo-a2KySJmY4fgDKsg5XA:1nUEwM:GU_ZsYl3TUd6nVMyDVmB4hBN4D7N9-kYrrjqIVE6K3g", "expire_date": "2022-03-29T21:42:50.752Z"}}, {"model": "sessions.session", "pk": "lpxebw1rrydzck8ag60bet8nzu40tz4m", "fields": {"session_data": "eyJhY2NvdW50X3ZlcmlmaWVkX2VtYWlsIjpudWxsLCJhY2NvdW50X3VzZXIiOiI1In0:1nVJuV:LwFBCJZL9aIPoM4pNvkiWkWgpH5CvoAVQLM5kldlxBM", "expire_date": "2022-04-01T21:13:23.726Z"}}, {"model": "sessions.session", "pk": "lzkjbtmcu0aa14zztxsa13mdzbgcgfx7", "fields": {"session_data": "eyJiYWciOnsiMSI6Mn19:1nT0aV:jba4LhWcTVW0a37mRzxN666ZcjHN9mJ8t5IPQkq5WEw", "expire_date": "2022-03-26T12:11:11.715Z"}}, {"model": "sessions.session", "pk": "qkwl7720fzpd83ddby3yhsahedby1kj1", "fields": {"session_data": "e30:1nVJcz:hGPiUmevcegdQxKXIXbNs3sLrV8-GL9-sDr02vEXZjw", "expire_date": "2022-04-01T20:55:17.922Z"}}, {"model": "sessions.session", "pk": "tivuh51fyyy8p0ceviz60xopfcwq2e2n", "fields": {"session_data": "e30:1nVjLs:MQHjOov4GUtZ_nSqloX3Zfnlr6QhWOF9TZCpgQk54Fg", "expire_date": "2022-04-03T00:23:20.261Z"}}, {"model": "sessions.session", "pk": "tumret1xitk6m1dlyx9agbnle3vpcbnv", "fields": {"session_data": ".eJxVjMsOwiAQRf-FtSEw0w7g0r3fQCgPixowpU00xn-3Tbrp9p5z7pfZFlvLtdj4fuXpw84ShCEhTsy6ZR7t0uJkc2BnJtlhG5x_xLKBcHflVrmvZZ7ywDeF77Txaw3xedndw8Ho2rjW1EvoCUmRNphUIBl1MgIoIXYgiZTyOnQxkdEOpfICVxsQjIQEiOz3B74PPh8:1nQ6Cp:XU_4EArjZGvefaaKodtlBZw1Q1SEv8hlSZQO8FuQUpU", "expire_date": "2022-03-18T11:34:43.638Z"}}, {"model": "sessions.session", "pk": "wlyaezezf2f8todg255wdq7eq4hulmqr", "fields": {"session_data": "e30:1nVJL0:PMVG0byyNUVX_GdNnBcYThCX1iRTWCI-1QiOM-q6SWo", "expire_date": "2022-04-01T20:36:42.671Z"}}, {"model": "sessions.session", "pk": "xnr0s3mewxho9b1r1lo5oc812ic3vxk2", "fields": {"session_data": "e30:1nVJLH:7X1Wl8VLOTvvS_V8EgsNsZZgNevDwBw9wBEJXKzUSIw", "expire_date": "2022-04-01T20:36:59.701Z"}}, {"model": "sessions.session", "pk": "yfizftuyo1zl0xi95u9f6lbtqt2kf6x8", "fields": {"session_data": "eyJiYWciOnsiMSI6MTEsIjIiOjEsIjMiOjF9fQ:1nSzkS:67Sapbgdvn9TwdM7bJRLv7DfhhcNbAaZAB6wSsq9Lv0", "expire_date": "2022-03-26T11:17:24.540Z"}}, {"model": "sessions.session", "pk": "zm2sjgq2n2hhsidyp2hpy3a38tz42mlv", "fields": {"session_data": "e30:1nVJfn:U2NItvJjnr0TM0GJx03mE9GVQTjRI_9jdu8VYZYbZIY", "expire_date": "2022-04-01T20:58:11.122Z"}}, {"model": "sites.site", "pk": 1, "fields": {"domain": "comix.example.com", "name": "Comix"}}, {"model": "account.emailaddress", "pk": 1, "fields": {"user": 1, "email": "twpterporten@gmail.com", "verified": true, "primary": true}}, {"model": "account.emailaddress", "pk": 2, "fields": {"user": 5, "email": "123@123.com", "verified": true, "primary": true}}, {"model": "products.category", "pk": 1, "fields": {"name": "marvel", "friendly_name": "Marvel"}}, {"model": "products.category", "pk": 2, "fields": {"name": "dc", "friendly_name": "DC"}}, {"model": "products.category", "pk": 3, "fields": {"name": "game_of_thrones", "friendly_name": "Game Of Thrones"}}, {"model": "products.category", "pk": 4, "fields": {"name": "the_witcher", "friendly_name": "The Witcher"}}, {"model": "products.category", "pk": 5, "fields": {"name": "harry_potter", "friendly_name": "Harry Potter"}}, {"model": "products.category", "pk": 6, "fields": {"name": "new_arrivals", "friendly_name": "New Arrivals"}}, {"model": "products.category", "pk": 7, "fields": {"name": "deals", "friendly_name": "Deals"}}, {"model": "products.category", "pk": 8, "fields": {"name": "clearance", "friendly_name": "Clearance"}}, {"model": "products.product", "pk": 1, "fields": {"category": 1, "sku": "pp5001340155", "name": "Hulk nr1. 2018", "description": "Hulk nr1. released in 2018.The gamma-powered creative team of Donny Cates and Ryan Ottley take on the Hulk -- and the results are sure to be incredible! The Hulk's uncontrollable rage has reached an all-new level -- and nobody, including the Avengers, is prepared to handle it. But is it really the Hulk that people should fear...or is there another factor at play? Bruce Banner thinks he finally has total control of his emerald alter ego -- and in fact, he might. But variables can happen at any time...and this one is something that even his brilliant mind couldn't have imagined. Now, as Bruce hurtles deep into outer space on a dangerous quest, he's about to find out that the Hulk isn't alone! Look to the stars as the next exciting era of HULK begins!", "price": "14.00", "rating": "4.50", "image_url": "https://images-na.ssl-images-amazon.com/images/I/61to2-3nNBL.jpg", "image": "hulk1.jpg"}}, {"model": "products.product", "pk": 2, "fields": {"category": 4, "sku": null, "name": "The Witcher boxed set", "description": "The full witcher boxed set, this set contains all books of The Witcher", "price": "90.00", "rating": "5.00", "image_url": null, "image": "512HlZsTP4L._SX461_BO1204203200_.jpg"}}, {"model": "products.product", "pk": 3, "fields": {"category": 5, "sku": null, "name": "Harry Potter Collectors Edition", "description": "All Harry Potter books in an awesome collectors box, ideal as a gift or to display in your bookcase.", "price": "150.00", "rating": "4.20", "image_url": null, "image": "1050x1200.jpg"}}, {"model": "products.product", "pk": 4, "fields": {"category": 1, "sku": "COM-MAR-COT", "name": "Deadpool kills the Marvel Universe", "description": "In the storyline Deadpool Kills the Marvel Universe, the X-Men send Deadpool to a mental hospital for therapy. The doctor treating him is actually Psycho-Man in disguise, who attempts to torture and brainwash Deadpool into becoming his personal minion.", "price": "14.99", "rating": "5.00", "image_url": null, "image": "clean_3.jpg"}}, {"model": "products.product", "pk": 5, "fields": {"category": 1, "sku": "COM-MAR-COT-2", "name": "Infinity gauntlet", "description": "At the start of The Infinity Gauntlet, the character Thanos has collected all six Infinity Gems and attached them to his gauntlet. With their combined power, he becomes \"like a god\" and sets out to win the affection of Mistress Death, the living embodiment of death in the Marvel Universe.", "price": "25.00", "rating": "5.00", "image_url": null, "image": "B00EARP0HM.01._SCLZZZZZZZ_SX500_.jpg"}}, {"model": "products.product", "pk": 6, "fields": {"category": 2, "sku": "COM-DC-COT", "name": "batman Vol. 1 The court of owls", "description": "#1 New York Times Bestseller! Following his ground-breaking, critically acclaimed run on Detective Comics, writer Scott Snyder (American Vampire) alongside artist Greg Capullo (Spawn) begins a new era of The Dark Knight with the relaunch of Batman as a part of DC Comics - The New 52! After a series of brutal murders rocks Gotham City, Batman begins to realize that, perhaps, these crimes go far deeper than appearances suggest. As the Caped Crusader begins to unravel this deadly mystery, he discovers a conspiracy going back to his youth and beyond to the origins of the city he's sworn to protect. Could the Court of Owls, once thought to be nothing more than an urban legend, be behind the crime and corruption? Or is Bruce Wayne losing his grip on sanity and falling prey to the pressures of his war on crime? Collects issues #1-7 of Batman.", "price": "16.50", "rating": "4.70", "image_url": null, "image": "batman1.jpg"}}, {"model": "products.product", "pk": 7, "fields": {"category": 3, "sku": "COM-GAM-COT", "name": "A Game Of Thrones", "description": "HBO's hit series A GAME OF THRONES is based on George R R Martin's internationally bestselling series A SONG OF ICE AND FIRE, the greatest fantasy epic of the modern age. A GAME OF THRONES is the first volume in the series. 'Completely immersive' Guardian 'When you play the game of thrones, you win or you die. There is no middle ground' Summers span decades. Winter can last a lifetime. And the struggle for the Iron Throne has begun. From the fertile south, where heat breeds conspiracy, to the vast and savage eastern lands, all the way to the frozen north, kings and queens, knights and renegades, liars, lords and honest men . . . all will play the Game of Thrones.", "price": "15.00", "rating": "5.00", "image_url": null, "image": "gameofthrones1.jpg"}}, {"model": "products.product", "pk": 8, "fields": {"category": 3, "sku": "COM-GAM-COT-2", "name": "A Clash Of Kings", "description": "A CLASH OF KINGS is the second volume in the series. 'Characters so venomous they could eat the Borgias' Guardian ' 'Tears: the woman's weapon, my lady mother used to call them. The man's weapon is a sword. And that tells us all you need to know . . . ' Throughout Westeros, the cold winds are rising. From the ancient citadel of Dragonstone to the forbidding lands of Winterfell, chaos reigns as pretenders to the Iron Throne of the Seven Kingdoms stake their claims through tempest, turmoil and war. Five factions struggle for control of a divided land. Against a backdrop of incest, fratricide, alchemy and murder, the price of glory is measured in blood.", "price": "15.00", "rating": "4.50", "image_url": null, "image": "gameofthrones.2.jpg"}}, {"model": "products.product", "pk": 9, "fields": {"category": 3, "sku": "COM-GAM-COT-3", "name": "A Storm of Swords 1: Steel & Snow", "description": "Winter approaches Westeros like an angry beast.The Seven Kingdoms are divided by revolt and blood feud. In the northern wastes, a horde of hungry, savage people steeped in the dark magic of the wilderness is poised to invade the Kingdom of the North where Robb Stark wears his new-forged crown. And Robb's defences are ranged against the South, the land of the cunning and cruel Lannisters, who have his younger sisters in their power.Throughout Westeros, the war for the Iron Throne rages more fiercely than ever, but if the Wall is breached, no king will live to claim it.", "price": "15.00", "rating": "4.50", "image_url": null, "image": "gameofthrones3.jpg"}}, {"model": "products.product", "pk": 10, "fields": {"category": 3, "sku": "COM-GAM-COT-4", "name": "A Storm of Swords 2: Blood & Gold", "description": "The Starks are scattered.Robb Stark may be King in the North, but he must bend to the will of the old tyrant Walder Frey if he is to hold his crown. And while his youngest sister, Arya, has escaped the clutches of the depraved Cersei Lannister and her son, the capricious boy-king Joffrey, Sansa Stark remains their captive.Meanwhile, across the ocean, Daenerys Stormborn, the last heir of the Dragon King, delivers death to the slave-trading cities of Astapor and Yunkai as she approaches Westeros with vengeance in her heart.", "price": "15.00", "rating": "4.50", "image_url": null, "image": "gameofthrones4.jpg"}}, {"model": "products.product", "pk": 11, "fields": {"category": 3, "sku": "COM-GAM-COT-5", "name": "A Feast for Crows", "description": "The Lannisters are in power on the Iron Throne.\r\n\r\nThe war in the Seven Kingdoms has burned itself out, but in its bitter aftermath new conflicts spark to life. The Martells of Dorne and the Starks of Winterfell seek vengeance for their dead. Euron Crow’s Eye, as black a pirate as ever raised a sail, returns from the smoking ruins of Valyria to claim the Iron Isles.\r\n\r\nFrom the icy north, where Others threaten the Wall, apprentice Maester Samwell Tarly brings a mysterious babe in arms to the Citadel. As plots, intrigue and battle threaten to engulf Westeros, victory will go to the men and women possessed of the coldest steel and the coldest hearts.", "price": "18.00", "rating": "5.00", "image_url": null, "image": "gameofthrones5.jpg"}}, {"model": "products.product", "pk": 12, "fields": {"category": 3, "sku": "COM-GAM-COT-6", "name": "A Dance with Dragons 1: Dreams & Dust", "description": "The future of the Seven Kingdoms hangs in the balance.In the east, Daenerys, last scion of House Targaryen, her dragons grown to terrifying maturity, rules as queen of a city built on dust and death, beset by enemies.Now that her whereabouts are known many are seeking Daenerys and her dragons. Among them the dwarf, Tyrion Lannister, who has escaped King's Landing with a price on his head, wrongfully condemned to death for the murder of his nephew, King Joffrey. But not before killing his hated father, Lord Tywin.To the north lies the great Wall of ice and stone - a structure only as strong as those guarding it. Eddard Stark's bastard son Jon Snow has been elected the 998th Lord Commander of the Night's Watch, but he has enemies both in the Watch and beyond the Wall, where the wildling armies are massing for an assault.On all sides bitter conflicts are reigniting, played out by a grand cast of outlaws and priests, soldiers and skinchangers, nobles and slaves. The tides of destiny will inevitably lead to the greatest dance of all...", "price": "19.99", "rating": "5.00", "image_url": null, "image": "gameofthrones6.jpg"}}, {"model": "products.product", "pk": 13, "fields": {"category": 3, "sku": "COM-GAM-COT-7", "name": "A Dance with Dragons 2: After the Feast", "description": "The future of the Seven Kingdoms hangs in the balance. In King's Landing the Queen Regent, Cersei Lannister, awaits trial, abandoned by all those she trusted; while in the eastern city of Yunkai her brother Tyrion has been sold as a slave. From the Wall, having left his wife and the Red Priestess Melisandre under the protection of Jon Snow, Stannis Baratheon marches south to confront the Boltons at Winterfell. But beyond the Wall the wildling armies are massing for an assault... On all sides bitter conflicts are reigniting, played out by a grand cast of outlaws and priests, soldiers and skinchangers, nobles and slaves. The tides of destiny will inevitably lead to the greatest dance of all.", "price": "19.99", "rating": "5.00", "image_url": null, "image": "gameofthrones7.jpg"}}, {"model": "products.product", "pk": 14, "fields": {"category": 2, "sku": "PPComixWorldWithoutSuperman1", "name": "A World without Superman", "description": "\"World Without Superman\" is a Superman comic book story arc published by DC Comics. It takes place in Action Comics written by Greg Rucka with art by Sidney Teles and Superman written by James Robinson with art by Renato Guedes.[1] The story deals with Metropolis dealing with a world without Superman, who has gone to live on New Krypton to keep General Zod in check. As a result, the two Superman series, Action Comics and Superman star Nightwing & Flamebird and Mon-El respectively.", "price": "14.00", "rating": "4.00", "image_url": null, "image": "1585_400x600.jpg"}}, {"model": "profiles.userprofile", "pk": 1, "fields": {"user": 5, "default_phone_number": "0613974395", "default_street_address1": "Heerder Groenweg, 22", "default_street_address2": "22", "default_town_or_city": "MAASTRICHT", "default_county": "Nederland", "default_postcode": "6224JM", "default_country": "NL"}}, {"model": "checkout.order", "pk": 4, "fields": {"order_number": "99512FA7A00547B1B2C2FE6C98BD3027", "user_profile": null, "full_name": "Thijs Terporten", "email": "twpterporten@gmail.com", "phone_number": "0613974395", "country": "Netherlands", "postcode": "6224JM", "town_or_city": "MAASTRICHT", "street_address1": "Heerder Groenweg, 22", "street_address2": "22", "county": "Nederland", "date": "2022-03-17T15:28:25.122Z", "delivery_cost": "1.50", "order_total": "15.00", "grand_total": "16.50", "original_bag": "", "stripe_pid": ""}}, {"model": "checkout.order", "pk": 5, "fields": {"order_number": "72A9B2F9D82244729EFCDD61124FAE3D", "user_profile": null, "full_name": "Thijs Terporten", "email": "twpterporten@gmail.com", "phone_number": "0613974395", "country": "Netherlands", "postcode": "6224JM", "town_or_city": "MAASTRICHT", "street_address1": "Heerder Groenweg, 22", "street_address2": "22", "county": "Nederland", "date": "2022-03-17T16:06:49.893Z", "delivery_cost": "1.20", "order_total": "12.00", "grand_total": "13.20", "original_bag": "", "stripe_pid": ""}}, {"model": "checkout.order", "pk": 6, "fields": {"order_number": "497921D215684CF3A94F1653BBC3221F", "user_profile": null, "full_name": "Thijs Terporten", "email": "twpterporten@gmail.com", "phone_number": "0613974395", "country": "Netherlands", "postcode": "6224JM", "town_or_city": "MAASTRICHT", "street_address1": "Heerder Groenweg, 22", "street_address2": "22", "county": "Nederland", "date": "2022-03-17T16:28:23.048Z", "delivery_cost": "1.20", "order_total": "12.00", "grand_total": "13.20", "original_bag": "", "stripe_pid": ""}}, {"model": "checkout.order", "pk": 7, "fields": {"order_number": "8CC6775B28994D5989859431F92D7626", "user_profile": null, "full_name": "Thijs Terporten", "email": "twpterporten@gmail.com", "phone_number": "0613974395", "country": "Netherlands", "postcode": "6224JM", "town_or_city": "MAASTRICHT", "street_address1": "Heerder Groenweg, 22", "street_address2": "22", "county": "Nederland", "date": "2022-03-17T16:51:15.437Z", "delivery_cost": "1.20", "order_total": "12.00", "grand_total": "13.20", "original_bag": "", "stripe_pid": ""}}, {"model": "checkout.order", "pk": 8, "fields": {"order_number": "1A8802F1C5DA45BD89E1F93E3F202A9D", "user_profile": null, "full_name": "Thijs Terporten", "email": "twpterporten@gmail.com", "phone_number": "0613974395", "country": "Netherlands", "postcode": "6224JM", "town_or_city": "MAASTRICHT", "street_address1": "Heerder Groenweg, 22", "street_address2": "22", "county": "Nederland", "date": "2022-03-17T16:54:32.057Z", "delivery_cost": "0.00", "order_total": "90.00", "grand_total": "90.00", "original_bag": "", "stripe_pid": ""}}, {"model": "checkout.order", "pk": 9, "fields": {"order_number": "CF43C2E4DACE497AA76EC7F1B8860ACC", "user_profile": null, "full_name": "Thijs Terporten", "email": "twpterporten@gmail.com", "phone_number": "0613974395", "country": "NL", "postcode": "6224JM", "town_or_city": "MAASTRICHT", "street_address1": "Heerder Groenweg, 22", "street_address2": "22", "county": "Nederland", "date": "2022-03-17T18:19:16.568Z", "delivery_cost": "1.20", "order_total": "12.00", "grand_total": "13.20", "original_bag": "", "stripe_pid": ""}}, {"model": "checkout.order", "pk": 10, "fields": {"order_number": "F6A8ED277CE04FC189A946C3CF53480B", "user_profile": null, "full_name": "Thijs Terporten", "email": "twpterporten@gmail.com", "phone_number": "0613974395", "country": "NL", "postcode": "6224JM", "town_or_city": "MAASTRICHT", "street_address1": "Heerder Groenweg, 22", "street_address2": "22", "county": "Nederland", "date": "2022-03-17T19:14:40.562Z", "delivery_cost": "1.20", "order_total": "12.00", "grand_total": "13.20", "original_bag": "", "stripe_pid": ""}}, {"model": "checkout.order", "pk": 11, "fields": {"order_number": "65D407F727FE452988F595AC8E786470", "user_profile": null, "full_name": "Thijs Terporten", "email": "twpterporten@gmail.com", "phone_number": "0613974395", "country": "NL", "postcode": "6224JM", "town_or_city": "MAASTRICHT", "street_address1": "Heerder Groenweg, 22", "street_address2": "22", "county": "Nederland", "date": "2022-03-17T19:16:37.771Z", "delivery_cost": "2.40", "order_total": "24.00", "grand_total": "26.40", "original_bag": "", "stripe_pid": ""}}, {"model": "checkout.order", "pk": 12, "fields": {"order_number": "6BFEC6A01B8C4FA19CC0315BFB9FB4E2", "user_profile": null, "full_name": "Thijs Terporten", "email": "twpterporten@gmail.com", "phone_number": "0613974395", "country": "NL", "postcode": "6224JM", "town_or_city": "MAASTRICHT", "street_address1": "Heerder Groenweg, 22", "street_address2": "22", "county": "Nederland", "date": "2022-03-17T19:23:49.477Z", "delivery_cost": "1.20", "order_total": "12.00", "grand_total": "13.20", "original_bag": "", "stripe_pid": ""}}, {"model": "checkout.order", "pk": 13, "fields": {"order_number": "CB9316B2BB754F30A54B0CA550BC62AE", "user_profile": null, "full_name": "Thijs Terporten", "email": "twpterporten@gmail.com", "phone_number": "0613974395", "country": "NL", "postcode": "6224JM", "town_or_city": "MAASTRICHT", "street_address1": "Heerder Groenweg, 22", "street_address2": "22", "county": "Nederland", "date": "2022-03-17T19:25:56.594Z", "delivery_cost": "0.00", "order_total": "90.00", "grand_total": "90.00", "original_bag": "", "stripe_pid": ""}}, {"model": "checkout.order", "pk": 14, "fields": {"order_number": "F2C763C02FD643C9BE5671B7CF032B37", "user_profile": null, "full_name": "Thijs Terporten", "email": "twpterporten@gmail.com", "phone_number": "0613974395", "country": "NL", "postcode": "6224JM", "town_or_city": "MAASTRICHT", "street_address1": "Heerder Groenweg, 22", "street_address2": "22", "county": "Nederland", "date": "2022-03-17T19:28:58.212Z", "delivery_cost": "2.40", "order_total": "24.00", "grand_total": "26.40", "original_bag": "", "stripe_pid": ""}}, {"model": "checkout.order", "pk": 15, "fields": {"order_number": "F4C7175597504013B70E6597392931BC", "user_profile": null, "full_name": "Thijs Terporten", "email": "twpterporten@gmail.com", "phone_number": "0613974395", "country": "NL", "postcode": "6224JM", "town_or_city": "MAASTRICHT", "street_address1": "Heerder Groenweg, 22", "street_address2": "22", "county": "Nederland", "date": "2022-03-17T19:46:56.521Z", "delivery_cost": "1.50", "order_total": "14.99", "grand_total": "16.49", "original_bag": "", "stripe_pid": ""}}, {"model": "checkout.order", "pk": 16, "fields": {"order_number": "6526BFB704FA44C0BB455CD11A96A335", "user_profile": null, "full_name": "Thijs Terporten", "email": "twpterporten@gmail.com", "phone_number": "0613974395", "country": "NL", "postcode": "6224JM", "town_or_city": "MAASTRICHT", "street_address1": "Heerder Groenweg, 22", "street_address2": "22", "county": "Nederland", "date": "2022-03-17T19:52:45.830Z", "delivery_cost": "1.20", "order_total": "12.00", "grand_total": "13.20", "original_bag": "", "stripe_pid": ""}}, {"model": "checkout.order", "pk": 17, "fields": {"order_number": "99AF4178C70F4D92B693A881284FB33F", "user_profile": null, "full_name": "Thijs Terporten", "email": "twpterporten@gmail.com", "phone_number": "0613974395", "country": "NL", "postcode": "6224JM", "town_or_city": "MAASTRICHT", "street_address1": "Heerder Groenweg, 22", "street_address2": "22", "county": "Nederland", "date": "2022-03-17T20:00:47.049Z", "delivery_cost": "1.20", "order_total": "12.00", "grand_total": "13.20", "original_bag": "", "stripe_pid": ""}}, {"model": "checkout.order", "pk": 18, "fields": {"order_number": "F2EDA5A8B6C04906B0706F6F873A52AA", "user_profile": null, "full_name": "Thijs Terporten", "email": "twpterporten@gmail.com", "phone_number": "0613974395", "country": "NL", "postcode": "6224JM", "town_or_city": "MAASTRICHT", "street_address1": "Heerder Groenweg, 22", "street_address2": "22", "county": "Nederland", "date": "2022-03-17T20:12:19.458Z", "delivery_cost": "1.20", "order_total": "12.00", "grand_total": "13.20", "original_bag": "", "stripe_pid": ""}}, {"model": "checkout.order", "pk": 19, "fields": {"order_number": "C5DA39411B4D4FFE9E106C49EE069DD0", "user_profile": null, "full_name": "DaveyJones", "email": "test@test.com", "phone_number": "424242424242", "country": "SE", "postcode": "424242", "town_or_city": "42street", "street_address1": "street number name 42", "street_address2": null, "county": null, "date": "2022-03-17T20:36:09.549Z", "delivery_cost": "1.50", "order_total": "15.00", "grand_total": "16.50", "original_bag": "", "stripe_pid": ""}}, {"model": "checkout.order", "pk": 20, "fields": {"order_number": "A337D5D717E942409FB3B68FBD4F235B", "user_profile": null, "full_name": "DaveyJones", "email": "test@test.com", "phone_number": "424242424242", "country": "SE", "postcode": "424242", "town_or_city": "42street", "street_address1": "street number name 42", "street_address2": null, "county": "sweden", "date": "2022-03-17T20:37:15.634Z", "delivery_cost": "1.50", "order_total": "15.00", "grand_total": "16.50", "original_bag": "", "stripe_pid": ""}}, {"model": "checkout.order", "pk": 21, "fields": {"order_number": "A236E2390AC645C5BB6F465E804AD2E6", "user_profile": null, "full_name": "DaveyJones", "email": "test@test.com", "phone_number": "424242424242", "country": "SE", "postcode": "424242", "town_or_city": "42street", "street_address1": "street number name 42", "street_address2": null, "county": "sweden", "date": "2022-03-17T20:49:50.098Z", "delivery_cost": "0.00", "order_total": "90.00", "grand_total": "90.00", "original_bag": "", "stripe_pid": ""}}, {"model": "checkout.order", "pk": 22, "fields": {"order_number": "38106CD34EA742A383691B5FF940E986", "user_profile": null, "full_name": "Thijs Terporten", "email": "twpterporten@gmail.com", "phone_number": "0613974395", "country": "NL", "postcode": "6224JM", "town_or_city": "MAASTRICHT", "street_address1": "Heerder Groenweg, 22", "street_address2": "22", "county": "Nederland", "date": "2022-03-17T21:09:48.450Z", "delivery_cost": "0.00", "order_total": "162.00", "grand_total": "162.00", "original_bag": "", "stripe_pid": ""}}, {"model": "checkout.order", "pk": 23, "fields": {"order_number": "BD9746AFA4FA4751BE97908A71B9BCEA", "user_profile": null, "full_name": "Thijs Terporten", "email": "twpterporten@gmail.com", "phone_number": "0613974395", "country": "NL", "postcode": "6224JM", "town_or_city": "MAASTRICHT", "street_address1": "Heerder Groenweg, 22", "street_address2": "22", "county": "Nederland", "date": "2022-03-17T21:47:39.022Z", "delivery_cost": "0.00", "order_total": "266.99", "grand_total": "266.99", "original_bag": "", "stripe_pid": ""}}, {"model": "checkout.order", "pk": 24, "fields": {"order_number": "F2DA6630B9E649FFAD6012033766D710", "user_profile": null, "full_name": "Thijs Terporten", "email": "twpterporten@gmail.com", "phone_number": "0613974395", "country": "NL", "postcode": "6224JM", "town_or_city": "MAASTRICHT", "street_address1": "Heerder Groenweg, 22", "street_address2": "22", "county": "Nederland", "date": "2022-03-17T23:12:40.700Z", "delivery_cost": "2.70", "order_total": "26.99", "grand_total": "29.69", "original_bag": "{\"1\": 1, \"4\": 1}", "stripe_pid": "pi_3KeSUTKSWQ8RQNHS1M61wHgE"}}, {"model": "checkout.order", "pk": 25, "fields": {"order_number": "6A71BDD0B6484A7A91102A854B8717BE", "user_profile": null, "full_name": "Thijs Terporten", "email": "twpterporten@gmail.com", "phone_number": "0613974395", "country": "NL", "postcode": "6224JM", "town_or_city": "MAASTRICHT", "street_address1": "Heerder Groenweg, 22", "street_address2": "22", "county": "Nederland", "date": "2022-03-18T16:23:02.707Z", "delivery_cost": "0.00", "order_total": "102.00", "grand_total": "102.00", "original_bag": "{\"1\": 1, \"2\": 1}", "stripe_pid": "pi_3KeiZeKSWQ8RQNHS0M7McY5B"}}, {"model": "checkout.order", "pk": 26, "fields": {"order_number": "9B10D12DA1B74E738B5B2EBDE94E1ADD", "user_profile": 1, "full_name": "Thijs Terporten", "email": "twpterporten@gmail.com", "phone_number": "0613974395", "country": "NL", "postcode": "6224JM", "town_or_city": "MAASTRICHT", "street_address1": "Heerder Groenweg, 22", "street_address2": "22", "county": "Nederland", "date": "2022-03-18T22:45:43.487Z", "delivery_cost": "1.20", "order_total": "12.00", "grand_total": "13.20", "original_bag": "{\"1\": 1}", "stripe_pid": "pi_3KeoXuKSWQ8RQNHS1lD4cYqj"}}, {"model": "checkout.order", "pk": 27, "fields": {"order_number": "B6E696F4604D4140951274C4799134E1", "user_profile": 1, "full_name": "Thijs Terporten", "email": "twpterporten@gmail.com", "phone_number": "0613974395", "country": "NL", "postcode": "6224JM", "town_or_city": "MAASTRICHT", "street_address1": "Heerder Groenweg, 22", "street_address2": "22", "county": "Nederland", "date": "2022-03-18T23:16:48.309Z", "delivery_cost": "1.50", "order_total": "14.99", "grand_total": "16.49", "original_bag": "{\"4\": 1}", "stripe_pid": "pi_3Kep1oKSWQ8RQNHS0srIDcTR"}}, {"model": "checkout.order", "pk": 28, "fields": {"order_number": "1E2686ED7C9A4C2BB5035BBCB2BECFB3", "user_profile": 1, "full_name": "Thijs Terporten", "email": "twpterporten@gmail.com", "phone_number": "0613974395", "country": "NL", "postcode": "6224JM", "town_or_city": "MAASTRICHT", "street_address1": "Heerder Groenweg, 22", "street_address2": "22", "county": "Nederland", "date": "2022-03-18T23:31:54.692Z", "delivery_cost": "2.70", "order_total": "26.99", "grand_total": "29.69", "original_bag": "{\"1\": 1, \"4\": 1}", "stripe_pid": "pi_3KepGeKSWQ8RQNHS1tBUulCq"}}, {"model": "checkout.order", "pk": 29, "fields": {"order_number": "CA6D38AE87304ED9B9B7AEAC8C157B40", "user_profile": 1, "full_name": "Thijs Terporten", "email": "twpterporten@gmail.com", "phone_number": "0613974395", "country": "NL", "postcode": "6224JM", "town_or_city": "MAASTRICHT", "street_address1": "Heerder Groenweg, 22", "street_address2": "22", "county": "Nederland", "date": "2022-03-18T23:34:41.804Z", "delivery_cost": "1.20", "order_total": "12.00", "grand_total": "13.20", "original_bag": "{\"1\": 1}", "stripe_pid": "pi_3KepJNKSWQ8RQNHS132CUWFx"}}, {"model": "checkout.orderlineitem", "pk": 5, "fields": {"order": 4, "product": 7, "quantity": 1, "lineitem_total": "15.00"}}, {"model": "checkout.orderlineitem", "pk": 6, "fields": {"order": 5, "product": 1, "quantity": 1, "lineitem_total": "12.00"}}, {"model": "checkout.orderlineitem", "pk": 7, "fields": {"order": 6, "product": 1, "quantity": 1, "lineitem_total": "12.00"}}, {"model": "checkout.orderlineitem", "pk": 8, "fields": {"order": 7, "product": 1, "quantity": 1, "lineitem_total": "12.00"}}, {"model": "checkout.orderlineitem", "pk": 9, "fields": {"order": 8, "product": 2, "quantity": 1, "lineitem_total": "90.00"}}, {"model": "checkout.orderlineitem", "pk": 10, "fields": {"order": 9, "product": 1, "quantity": 1, "lineitem_total": "12.00"}}, {"model": "checkout.orderlineitem", "pk": 11, "fields": {"order": 10, "product": 1, "quantity": 1, "lineitem_total": "12.00"}}, {"model": "checkout.orderlineitem", "pk": 12, "fields": {"order": 11, "product": 1, "quantity": 2, "lineitem_total": "24.00"}}, {"model": "checkout.orderlineitem", "pk": 13, "fields": {"order": 12, "product": 1, "quantity": 1, "lineitem_total": "12.00"}}, {"model": "checkout.orderlineitem", "pk": 14, "fields": {"order": 13, "product": 2, "quantity": 1, "lineitem_total": "90.00"}}, {"model": "checkout.orderlineitem", "pk": 15, "fields": {"order": 14, "product": 1, "quantity": 2, "lineitem_total": "24.00"}}, {"model": "checkout.orderlineitem", "pk": 16, "fields": {"order": 15, "product": 4, "quantity": 1, "lineitem_total": "14.99"}}, {"model": "checkout.orderlineitem", "pk": 17, "fields": {"order": 16, "product": 1, "quantity": 1, "lineitem_total": "12.00"}}, {"model": "checkout.orderlineitem", "pk": 18, "fields": {"order": 17, "product": 1, "quantity": 1, "lineitem_total": "12.00"}}, {"model": "checkout.orderlineitem", "pk": 19, "fields": {"order": 18, "product": 1, "quantity": 1, "lineitem_total": "12.00"}}, {"model": "checkout.orderlineitem", "pk": 20, "fields": {"order": 19, "product": 7, "quantity": 1, "lineitem_total": "15.00"}}, {"model": "checkout.orderlineitem", "pk": 21, "fields": {"order": 20, "product": 7, "quantity": 1, "lineitem_total": "15.00"}}, {"model": "checkout.orderlineitem", "pk": 22, "fields": {"order": 21, "product": 2, "quantity": 1, "lineitem_total": "90.00"}}, {"model": "checkout.orderlineitem", "pk": 23, "fields": {"order": 22, "product": 1, "quantity": 1, "lineitem_total": "12.00"}}, {"model": "checkout.orderlineitem", "pk": 24, "fields": {"order": 22, "product": 3, "quantity": 1, "lineitem_total": "150.00"}}, {"model": "checkout.orderlineitem", "pk": 25, "fields": {"order": 23, "product": 1, "quantity": 1, "lineitem_total": "12.00"}}, {"model": "checkout.orderlineitem", "pk": 26, "fields": {"order": 23, "product": 2, "quantity": 1, "lineitem_total": "90.00"}}, {"model": "checkout.orderlineitem", "pk": 27, "fields": {"order": 23, "product": 3, "quantity": 1, "lineitem_total": "150.00"}}, {"model": "checkout.orderlineitem", "pk": 28, "fields": {"order": 23, "product": 4, "quantity": 1, "lineitem_total": "14.99"}}, {"model": "checkout.orderlineitem", "pk": 29, "fields": {"order": 24, "product": 1, "quantity": 1, "lineitem_total": "12.00"}}, {"model": "checkout.orderlineitem", "pk": 30, "fields": {"order": 24, "product": 4, "quantity": 1, "lineitem_total": "14.99"}}, {"model": "checkout.orderlineitem", "pk": 31, "fields": {"order": 25, "product": 1, "quantity": 1, "lineitem_total": "12.00"}}, {"model": "checkout.orderlineitem", "pk": 32, "fields": {"order": 25, "product": 2, "quantity": 1, "lineitem_total": "90.00"}}, {"model": "checkout.orderlineitem", "pk": 33, "fields": {"order": 26, "product": 1, "quantity": 1, "lineitem_total": "12.00"}}, {"model": "checkout.orderlineitem", "pk": 34, "fields": {"order": 27, "product": 4, "quantity": 1, "lineitem_total": "14.99"}}, {"model": "checkout.orderlineitem", "pk": 35, "fields": {"order": 28, "product": 1, "quantity": 1, "lineitem_total": "12.00"}}, {"model": "checkout.orderlineitem", "pk": 36, "fields": {"order": 28, "product": 4, "quantity": 1, "lineitem_total": "14.99"}}, {"model": "checkout.orderlineitem", "pk": 37, "fields": {"order": 29, "product": 1, "quantity": 1, "lineitem_total": "12.00"}}, {"model": "reviews.review", "pk": 2, "fields": {"user": 1, "product": 1, "title": "Test", "description": "Test Hope this works to", "rating": 5, "date_posted": "2022-03-20T01:09:40.756Z"}}, {"model": "reviews.review", "pk": 3, "fields": {"user": 1, "product": 1, "title": "test", "description": "test", "rating": 2, "date_posted": "2022-03-20T01:11:31.844Z"}}]